ai-machine-learning;ai,machine learning,deep learning,hpc,openi
ai-machine-learning;ai,resource orchestration,noops,ai,machine learning,openshift optional
ai-machine-learning;annotation,ml,text,machine-learning
ai-machine-learning;apache spark,scala,r,vs code
ai-machine-learning;apache,spark
ai-machine-learning;business intelligence,data science
ai-machine-learning;clearml,machine learning,mlops
ai-machine-learning;clearml,machine learning,mlops,model serving
ai-machine-learning;clearml,machine learning,mlops,task agent
ai-machine-learning;data science
ai-machine-learning;data science,machine learning,r,rstats,python,deploy,rstudio
ai-machine-learning;data science,machine learning,r,rstats,python,ide,editor,jupyter,vscode,rstudio
ai-machine-learning;data science,machine learning,r,rstats,python,package,cran,pypi,pip,bioconductor,rstudio
ai-machine-learning;data science,spark,r,python,scala,notebooks
ai-machine-learning;deep learning,a.i.,machine learning,infrastructure
ai-machine-learning;deep learning,a.i.,machine learning,infrastructure,nfs,storage
ai-machine-learning;docker,machine-learning,ai,ml,model-management,mlflow,mlflow-tracking-server,mlflow-docker,mlflow-tracking,mlflow-kube
ai-machine-learning;durable,execution,workflow,sdk,application,distributed,application runtime,developer tools,ai,machine learning
ai-machine-learning;frigate,nvr,tensorflow,coral,ml,machine-learning
ai-machine-learning;google,colab,jupyter
ai-machine-learning;gpu enabled,jupyter notebook
ai-machine-learning;gpu,cuda,compute,operator,deep learning,monitoring,tesla
ai-machine-learning;h2o.ai,h2o,h2o-3,driverless ai,sparkling water,machine learning,ai
ai-machine-learning;hadoop,spark,python,jupyter
ai-machine-learning;intelligence,ai,gstreamer,neural-network,tensorflow,tizen,yocto
ai-machine-learning;jupyter
ai-machine-learning;jupyter notebook server
ai-machine-learning;jupyter,jupyterhub,z2jh
ai-machine-learning;jupyter,lab,datascience
ai-machine-learning;jupyter,notebook,spark
ai-machine-learning;jupyter,notebook,spark
ai-machine-learning;jupyterlab,jupyter,notebook,workspace,python,openshift
ai-machine-learning;kubeflow,kubernetes,machine learning,tensorflow,pytorch,xgboost
ai-machine-learning;kubeflow,operator,ibmcloud,gcp,openshift,ai,machine learning
ai-machine-learning;kubernetes,machine-learning
ai-machine-learning;kubernetes,rasa,rasa-oss
ai-machine-learning;limited,data science,analytics,amd64,ppc64le,rhocp,spectrum,symphony,cluster,grid,parallel,distributed,compute,workload
ai-machine-learning;machine-learning,ai,ml,model-management,mlflow,mlflow-tracking-server,mlflow-docker,mlflow-tracking,mlflow-kube
ai-machine-learning;machine-learning,computer-vision,ffmpeg,neural-network,unity3d,image-processing,support-vector-machines
ai-machine-learning;machine-learning,ml
ai-machine-learning;metadata,data-science,data,machine-learning,automation,big-data,bigdata,artificial-intelligence,datascience,data-engineering,data-catalog,metadata-api,governance,data-profiling,metadata-management,dataengineering,dataquality,bigdataanalytics,datadiscovery
ai-machine-learning;mlflow,machinelearning,mlops,model tracking,model versioning,mlflow projects,model registry
ai-machine-learning;mlflow,mlops,datascience,machinelearning
ai-machine-learning;mlops,aiops,production,monitoring,ai,machine learning
ai-machine-learning;mxnet,python,machine,learning
ai-machine-learning;nlp,ops,deep-learning,text-classification,tensorflow,nlu,inference,text-generation,speech-recognition,seq2seq,sequence-to-sequence,speaker-verification,asr,emotion-recognition,custom-ops,serving
ai-machine-learning;odpi, egeria, lab, jupyter, notebook
ai-machine-learning;python,machine-learning,attack,extraction,inference,artificial-intelligence,adversarial-machine-learning,trusted-ai,trustworthy-ai
ai-machine-learning;python,nlp,data-science,machine-learning,time-series,clustering,gpu,ml,regression,classification
ai-machine-learning;pytorch,python,machine,learning
ai-machine-learning;qiskit,open source,quantum,developer tools
ai-machine-learning;r,rstudio,workspace,openshift
ai-machine-learning;scikit,sci-kit,ml
ai-machine-learning;seldon-core,kubernetes,machine-learning,prometheus,grafana
ai-machine-learning;splunk,enterprise,operator,monitoring,logs,tracing,big data,logging & tracing,monitoring,security,ai,machine learning
ai-machine-learning;tensorflow,pytorch,ml
ai-machine-learning;tensorflow,serving,resnet,machine,learning,library
database;adminer,postgres,mysql,sqlite,elasticsearch,mongodb,database,sql
database;aerospike,database
database;alembic,database,migration,postgresql
database;apache,cassandra,database
database;apache,geode,database
database;big data,database,big data,database
database;cassandra
database;cassandra,database,nosql
database;clickhouse,database,oltp,timeseries,time series,altinity,database
database;clickhouse,olap,database
database;cockroach,cockroachdb,database
database;couchbase,database,key value,nosql,open source,database
database;couchbase,database,nosql,cluster,replication
database;couchbase,operator,database,nosql,cluster,replication
database;couchdb,database,nosql
database;database
database;database,application runtime
database;database,clickhouse,sql
database;database,confidential-computing
database;database,db,directory,ldap,openldap
database;database,db,search,opensearch
database;database,dns
database;database,keyvalue,cache
database;database,sharding
database;database,sql,operator,grds cloud,database
database;database,sql,scale out,notebook,acid
database;database,vertica,database
database;db,database,mariadb
database;db2,database,sql,amd64,rhocp,commercial,limited
database;db2u,mpp,dashdb,db2warehouse,warehouse,local,db2,database,sql,rhocp,roks,amd64,limited,commercial
database;devops,kubernetes,database,mongodb,opstree,operatork,cloud native,database,openshift optional,storage
database;devops,kubernetes,database,redis,opstree,crd,database,storage
database;dgraph,database,graph,graphql,nosql
database;dgraph,database,graph,graphql,nosql,serverless,lambda,javascript
database;edb,database,amd64,rhocp,opensource
database;elasticsearch,cassandra,graph,solr,hbase,graph-database,gremlin,graphdb,tinkerpop,bigtable
database;elasticsearch,database
database;elasticsearch,database,nosql
database;elasticsearch,kibana,analytics,search,database,apm,database
database;etcd,cluster,database,cache,key-value
database;etcd,key value,database,coreos,open source,database
database;google,cloud,postgresql,mysql,sql,sqlproxy
database;graph
database;graph,database
database;graph,database,cypher
database;graph,database,cypher,backup
database;graphscope,database,cluster
database;hue,sql,editor,catalog,visualization
database;ibm,ppc64le,enterprise mongodb,rhocp,database,other
database;infinispan,key value,database,datagrid,open source,database
database;influxdb,database
database;influxdb,database,timeseries
database;influxdb,database,timeseries,influxdata
database;influxdb,tick,database,timeseries
database;java,datagrid,caching,jvm,sql,key-value,nosql,distributed
database;k2hdkc,nosql,kvs,dbaas,distributes,database,queue,antpickax,helm,kubernetes,k2hr3,k2hash,chmpx,in-memory
database;k2hr3,rbac,k2hdkc dbaas,antpickax,helm,kubernetes,k2hash,nosql,kvs,chmpx
database;k8ssandra,cass-operator,datastax enterprise,apache cassandra,dse,c*,cassandra,database,big data,openshift optional
database;keydb,redis,database,multimaster
database;keydb,redis,keyvalue,database,multimaster,ha,high-availability
database;keyvalue,in-memory,database,serverless,raft
database;kubernetes-dbaas,operator,database-as-a-service,dbaas,stored procedures,kubernetes operator,go,dbms,database management systems,stored procedures,automation,provisioning,databases
database;kubernetes,database,opendj,ldap
database;kubernetes,helm,startx,cluster-chart,cluster,infrastructure,couchbase,big data,nosql,memcached,couchdb
database;ldap,openldap,iam-stack,high availability
database;low-code,database,cluster
database;mariadb-operator,mariadb,kubernetes,database,database
database;mariadb,mysql,database
database;mariadb,mysql,database,sql
database;mariadb,mysql,database,sql,galera,cluster
database;mariadb,mysql,database,sql,galera,cluster,icp,iks,opensource,amd64,ppc64le
database;mariadb,mysql,database,sql,prometheus
database;mariadb,mysql,database,sql,prometheus,galera
database;mariadb,mysql,mariadb-operator,database,sql,backup,restore,storage,helm,database
database;mariadb,operator,mariadb-operator,database
database;memcached,cache
database;memcached,database,cache
database;milvus,elastic,vector,search,deploy
database;mongo,nosql
database;mongodb
database;mongodb,atlas,database,cluster,nosql
database;mongodb,atlas,database,replica set,cluster,database
database;mongodb,database,nosql
database;mongodb,database,nosql,cluster,replicaset,replication
database;mongodb,databases,nosql,database
database;mongodb,percona,database,replicaset,shard,database
database;mysql,backup,s3,cloud-sql-proxy
database;mysql,database,proxysql,cluster
database;mysql,database,sql
database;mysql,database,sql,cluster,high availability
database;mysql,database,sql,cluster,high availablity
database;mysql,database,sql,kanister
database;mysql,percona,database,pxc,galera,database
database;mysql,percona,database,sql
database;mysql,percona,database,sql,xtradb,galera,wsrep
database;mysql,percona,orchestrator,bitpoke,database
database;mysql,percona,orchestrator,veilis,database
database;mysql,vitess,sharding,database,database
database;nosql
database;nosql,database
database;nosql,database,json
database;olap,database,analytics
database;operator,starrocks,database,olap
database;otc,rds,opentelekomcloud,database
database;performance,repository,database,results,hyperfoil,benchmark,integration & delivery
database;pgadmin,postgres
database;pgadmin,postgres,database,sql
database;pgbouncer,postgres,database,sql
database;postgres
database;postgres,database
database;postgres,database,database
database;postgres,database,relational
database;postgres,operator,ui,cloud-native,patroni,spilo
database;postgres,operator,zalando
database;postgres,postgresql,database,sql,operator,crunchy data,database
database;postgres,postgresql,database,sql,operator,percona,database
database;postgres,postgressql,dtabase,sql
database;postgresql,database,sql,monitoring,analytics
database;postgresql,kubernetes,database,managed-services,data-infrastructure,cloud-native,postgres-operator,database
database;postgresql,operator,database,postgres,sql,rdbms
database;postgresql,postgre,database,backup,postgresql,dev4devs-com,backup,database
database;postgresql,postgres,database
database;postgresql,postgres,database,monitoring
database;postgresql,postgres,database,sql
database;postgresql,postgres,database,sql,cloud,native,edb,enterprisedb,cnp,database
database;postgresql,postgres,database,sql,replication,cluster
database;postgresql,repmgr,pgpool,postgres,database,sql,replication,cluster,high availability
database;postgresql,sql
database;proxy,clickhouse,chproxy,database,kubernetes
database;qserv,database,sharded,distributed,database
database;questdb,database,timeseries,sql
database;rdbms,dbms,db
database;redis,database
database;redis,database,nosql,database
database;redis,database,redisinsight
database;redis,keyvalue,database
database;redis,keyvalue,database,cluster
database;redis,memcached,cassandra,mongodb,solr,cache,dynamodb,driver,predis,couchbase,arangodb,ssdb,firestore
database;redis,monitoring
database;rethinkdb,database,nosql
database;schemahero,database,kubernetes,postgresql,migration
database;sitewhere,internet-of-things,open-source,iot,iot-framework,iot-platform,platform,integration,mongodb
database;sql
database;sql,distributed,python
database;sqlite,browser,sqlitebrowser,database
database;startx,os,fedora,database,couchbase
database;startx,os,fedora,database,mongo
database;startx,os,fedora,memcached,database
database;startx,os,ubi,database,mariadb
database;stonedb,stoneatom,database,mysql
database;tidb,mysql,database,sql
database;tidb,sql,database,database
database;time series,storing,data,database
database;timeseries,database
database;trino,trinosql,trinodb,presto,prestosql,prestodb,big data,database,sql,query engine,high performance
database;turtl,postgres
database;warp10,database,timeseries
database;xenondb,mysql ha,database,kubernetes
integration-delivery;3scale,api,api,apicast,apicast,gateway,api-gateway,openresty,integration & delivery
integration-delivery;acme,pebble,pebble-challtestsrv,letsencrypt,ci,testing
integration-delivery;amd64,icp,limited,automation,businessrules,analytics,icprhocp
integration-delivery;amd64,integration,commercial,rhocp,middleware,itx,transformation extender
integration-delivery;amd64,ppc64le,tools,s390x,automation,limited,commercial,icp,icpclusterresource,ibm-cam-pak,icprhos,icprhocp
integration-delivery;analytics,data-orchestrator,data-pipelines,etl,workflow
integration-delivery;analytics,data-orchestrator,data-pipelines,etl,workflow,cloud
integration-delivery;ansible,awx,tower,devops,automation
integration-delivery;apache,camel,karavan,integration,microservices,low-code,developer tools,integration & delivery
integration-delivery;apache,kamel,kubernetes,serverless,microservices,integration & delivery
integration-delivery;api,api-management,kuadrant,kubernetes,openshift,cloud-service-protection,rate-limiting,authentication,authorization,integration & delivery
integration-delivery;api,datatrucker,operator,nocode,apibuilder,integration & delivery
integration-delivery;api,managedapi,apimanagement,analytics,developer tools,integration & delivery,cloud provider
integration-delivery;api,managedapi,apimanagement,cloud-native,security,ratelimiting,analytics,developer tools,integration & delivery,cloud provider
integration-delivery;api,rate-limit,integration & delivery
integration-delivery;argocd,cd,gitops
integration-delivery;argoproj,appset,gitops
integration-delivery;argoproj,argo-events
integration-delivery;argoproj,argocd,gitops
integration-delivery;argoproj,argocd,gitops,applicationsets,argocd-applicationsets,preview-environment
integration-delivery;artifactory,jfrog,devops
integration-delivery;artifacts,dependency,management,sonatype,nexus,repository,quickstart,ci,repository-manager,nexus3
integration-delivery;atlasmap,data mapping,data transformation,integration & delivery
integration-delivery;authorino,authorino operator,kuadrant,authorization,authentication,integration & delivery
integration-delivery;automation,ansible,integration & delivery
integration-delivery;azure devops,azure pipelines,kubernetes,devops,azure
integration-delivery;azure,devops,agent
integration-delivery;azure,pipelines,devops,agent
integration-delivery;b2bi,b2b,mft,sterling,commercial,amd64,automation,rhocp,other
integration-delivery;b2bi,b2b,mft,sterling,commercial,amd64,ppc64le,s390x,automation,rhocp,other
integration-delivery;backup & restore,velero,multi-cluster,gitops,multi-cluster deployments,kubefed
integration-delivery;beacon,sensor,mqtt,raspberry-pi,home-automation,smart-home,home-assistant
integration-delivery;bian,mercury,integration & delivery
integration-delivery;bpm,bpmn,camunda-platform,dmn,process-engine,workflow
integration-delivery;business process management,business process automation,bpmn,automation
integration-delivery;canary,istio,appmesh,linkerd,gitops
integration-delivery;cd,cd-pipeline,ci,edp4edp,gerrit,git,github,gitlab,jira,pipelines,promote,tekton
integration-delivery;chaosblade,cloud native,kubernetes,open source,chaos engineering,integration & delivery
integration-delivery;ci,cd
integration-delivery;ci,concourse,concourse.ci
integration-delivery;ci,continuous integration,continuous delivery,continuous deployment,devops,automation
integration-delivery;ci/cd,pipeline,jenkins
integration-delivery;cloud-native,orchestration,cd,keptn
integration-delivery;cloud,gitlab,ci
integration-delivery;cloud,kogito,quarkus,springboot,operator,native,automation,integration & delivery
integration-delivery;cloudbees
integration-delivery;cloudbees-flow,cloudbees-cd
integration-delivery;cloudbees,jenkins
integration-delivery;cloudnative,example,cd,kubernetes,tutorial
integration-delivery;cloudquery
integration-delivery;cluster,autoscaling,overprovision,cluster-autoscaler
integration-delivery;cluster,templates,hive,hypershift,selfservice,openshift,multicluster,quota,helm,argocd,integration & delivery,openshift optional
integration-delivery;commercial,automation,amd64,rhocp,ci/cd,mock,stub,test,virtualization,virtualservice
integration-delivery;concourse,ci,cd,http,web,application
integration-delivery;continuous delivery,continuous deployment,devops,kubernetes
integration-delivery;continuous-delivery,continuous-deployment,continuous-integration,docker,drone,drone.io,go
integration-delivery;continuous-delivery,continuous-deployment,continuous-integration,drone,drone-runner,git
integration-delivery;continuous-delivery,continuous-deployment,continuous-integration,pipeline,kubernetes,banzaicloud
integration-delivery;controller,integration,operator
integration-delivery;dashboard,devops,gitlab,git
integration-delivery;dcim,ipam,sot
integration-delivery;deconz,home-automation,zigbee,conbee
integration-delivery;developer tools,integration & delivery,cloud provider
integration-delivery;developer tools,openshift optional,integration & delivery
integration-delivery;devops,kubernetes,jobs,continuous delivery,continous deployment
integration-delivery;devops,uffizzi,continuous-previews,ephemeral,environments,pull-request,merge-request,on-demand,ci,cd
integration-delivery;devops,uffizzi,continuous-previews,ephemeral,environments,pull-request,merge-request,on-demand,ci,cd,cp
integration-delivery;discovery,integration & delivery
integration-delivery;dnext,pia,crm,telecommunication,order management,billing,integration & delivery
integration-delivery;ecr,aws,redhat,integration & delivery
integration-delivery;edp,admin,console,pipelines
integration-delivery;edp,argocd,deployment,pipelines,helm
integration-delivery;edp,codebase,operator,pipelines,jira,ci,cd,docker,image,promote,git,gerrit,github,gitlab
integration-delivery;edp,install,application,pipelines
integration-delivery;edp,jenkins,operator,pipelines
integration-delivery;edp,operator,pipelines,cd
integration-delivery;edp,sonarqube,gates,pipelines
integration-delivery;edp,tekton,cd-pipeline,pipelines,go,interceptor,gerrit
integration-delivery;edp,tekton,cd-pipeline,pipelines,jira,ci,cd,promote,git,gerrit,github,gitlab
integration-delivery;edp,tekton,dashboard,tekton-dashboard,pipelines
integration-delivery;esphome,home-automation
integration-delivery;event-driven,orchestration,integration,workflows,templating
integration-delivery;fission,serverless,platform,faas,functions,integration & delivery
integration-delivery;flagger,istio,appmesh,linkerd,gloo,osm,smi,gitops,load testing
integration-delivery;flagger,istio,appmesh,linkerd,kuma,osm,smi,gloo,contour,nginx,traefik,gitops,canary
integration-delivery;flux,gitops,cd,continuous delivery,fluxcd,helm,kustomize,integration & delivery
integration-delivery;git,ci,deploy
integration-delivery;git,drone,drone-runner,ci,cd
integration-delivery;github,action runner,operator,ci,agent
integration-delivery;gitlab,ci/cd,devops,sast,dast,integration & delivery,developer tools
integration-delivery;gitlab,devops,ci/cd,dast,sast,integration & delivery,developer tools
integration-delivery;gitlab,github,gitops,continuous-deployment
integration-delivery;gitops,devops,workflow,integration & delivery
integration-delivery;gitops,flux
integration-delivery;gitops,kubernetes,integration & delivery
integration-delivery;gitops,secrets
integration-delivery;gitops,sops,kms,encryption
integration-delivery;gocd,ci,cd,ci/cd,continuous-integration,continuous-delivery,continuous-deployment,continuous-testing
integration-delivery;helm,chart,cd,continuous deployment
integration-delivery;helm,tekton,tektoncd,pipeline,pipelines
integration-delivery;home automation,home assistant,openzwave,zwave,mqtt
integration-delivery;home-assistant,hass,homeassistant,smarthome
integration-delivery;homeassistant,home-assistant,smart home
integration-delivery;huginn,scraper,agent,automation,webscraping,rss
integration-delivery;hybridapp,application,model,multicluster,multicloud,integration & delivery,openshift optional
integration-delivery;i4trust,experimentation framework,proof of concept
integration-delivery;integration & delivery
integration-delivery;iot,firmware update,integration & delivery
integration-delivery;itxa,itx,spe,runtime,envelope,deenvelope,transformation,amd64,framework,commercial,rhocp,all items,languages,databases,middleware,ci/cd,other
integration-delivery;jenkins,ci,cd,http,web,application
integration-delivery;jenkins,operator,ci/cd,integration & delivery
integration-delivery;k8s pods scheduler,scheduled lifecycle
integration-delivery;kafka,amd64,s390x,ppc64le,commercial,integration
integration-delivery;keptn,argo,deployment,contrib
integration-delivery;keptn,aws,apprunner
integration-delivery;keptn,aws,lambda
integration-delivery;keptn,cloudcustodian
integration-delivery;keptn,dynatrace,contrib,observability,sli-provider
integration-delivery;keptn,ifttt,webhook
integration-delivery;keptn,infracost,cost control,cloud cost control,cicd,devops,finops
integration-delivery;keptn,jenkins,webhook
integration-delivery;keptn,jira
integration-delivery;keptn,job-executor,helm,sandbox,deployment
integration-delivery;keptn,job-executor,jmeter,sandbox,testing
integration-delivery;keptn,k6,grafana
integration-delivery;keptn,microsoft teams
integration-delivery;keptn,osticket
integration-delivery;keptn,pagerduty
integration-delivery;keptn,sandbox,testing
integration-delivery;keptn,trello
integration-delivery;keptn,webhook,github,sandbox,notification,githubaction
integration-delivery;keptn,webhook,neoload,testing,load testing,contrib
integration-delivery;keptn,webhook,slack,sandbox,notification
integration-delivery;keptn,wrike
integration-delivery;keycloak,config,import,json,continuous-integration,keycloak-config-cli
integration-delivery;kraken-ci,continuous-integration,ci,cd,ci/cd,continuous-delivery,continuous-testing
integration-delivery;kubecost,exporter
integration-delivery;kubeflow,pipelines,workflow
integration-delivery;kubernetes deployment,helm release,continuous deployment,continuous integration
integration-delivery;kubernetes,drone,drone.io,droneci,drone-ci,ci,cd,continuous-delivery,continuous-deployment,continuous-integration,code-pipeline
integration-delivery;kubernetes,federation,hybrid,hybrid cloud,multi-cluster,cluster,openshift optional,integration & delivery
integration-delivery;kubernetes,helm,startx,cluster-chart,cluster,infrastructure,argocd,gitops,continous delivery
integration-delivery;kubernetes,helm,startx,cluster-chart,cluster,infrastructure,jenkins,build,test,continous integration,ci
integration-delivery;kubernetes,helm,startx,cluster-chart,cluster,infrastructure,pipeline,tekton,continous integration,ci
integration-delivery;kubernetes,helm,startx,cluster-chart,cluster,infrastructure,security,automation,tower,ansible
integration-delivery;library,sprig,deploy
integration-delivery;limited,icp,amd64,workload scheduler,workload automation,automation,devops
integration-delivery;limited,integration,runtime,framework,amd64,ppc64le,s390x,icp
integration-delivery;litmuschaos,chaosengineering,integration & delivery
integration-delivery;lowcode,appdev,workflow,automation,application runtime,developer tools
integration-delivery;mock,test,api,microservice,integration & delivery
integration-delivery;mutating,application runtime,developer tools,integration & delivery
integration-delivery;n8n,workflow,automation
integration-delivery;nexus,sonatype,maven,docker,ci,continuous integration,continuous delivery,repository,repository manager,dev tools,developer tools
integration-delivery;node-red,iot,home,automation
integration-delivery;open source,containers,registry,integration & delivery
integration-delivery;open-cluster-management,clustermanager,integration & delivery,openshift optional
integration-delivery;open-cluster-management,klusterlet,integration & delivery,openshift optional
integration-delivery;pdn-node,jfrog,devops
integration-delivery;pdnserver,jfrog,devops
integration-delivery;pem,pemstandard,commercial,amd64,automation,rhocp,other
integration-delivery;performance,repository,database,results,hyperfoil,benchmark,integration & delivery
integration-delivery;pipelines,jfrog,devops
integration-delivery;platform,artifactory,xray,distribution,insight,pdn-server,pipelines,jfrog,devops
integration-delivery;pulp,pulpcore,content,repositories,lifecycle,integration & delivery
integration-delivery;puppet,puppetserver,automation,iac,infrastructure,cm,ci,cd
integration-delivery;puppet,repository,forge
integration-delivery;pystol,cloud native,kubernetes,open source,chaos engineering,fault injection,software product line,integration & delivery
integration-delivery;rbac,kubernetes,operator,kubernetes-operator,developer tools,integration & delivery
integration-delivery;red hat,multicluster,subscription,channel,integration & delivery,openshift optional
integration-delivery;redmine,project management,www,http,web,application,ruby,rails
integration-delivery;releaser,devops,integration & delivery
integration-delivery;reportportal
integration-delivery;rhocp,roks,amd64,limited,message queue,integration
integration-delivery;rundeck,jobs,automation,operations
integration-delivery;scaling,cost saving
integration-delivery;security,ci
integration-delivery;serverless,faas,microservices,scale to zero,knative,serving,eventing,networking,integration & delivery,cloud provider,developer tools
integration-delivery;serverless,integration,patterns
integration-delivery;sfg,b2b,mft,sterling,commercial,amd64,automation,rhocp,other
integration-delivery;sfg,b2b,mft,sterling,commercial,amd64,ppc64le,s390x,automation,rhocp,other
integration-delivery;sitewhere,internet-of-things,integration,device-management,iot,iot-platform,platform,mqtt,iot-framework,java,arduino,raspberry-pi,android,m2x,hbase,open-source,aws,kafka,zookeeper,microservices
integration-delivery;sitewhere,internet-of-things,open-source,iot,iot-framework,iot-platform,platform,integration,microservices,device-management,mqtt,java,arduino,raspberry-pi,android,kafka,zookeeper
integration-delivery;sitewhere,internet-of-things,open-source,iot,iot-framework,iot-platform,platform,integration,mongodb
integration-delivery;st2,stackstorm,devops,sre,automation,chatops,event-driven,auto-remediation,ifttt,ha
integration-delivery;startx,os,runner,ansible,automation
integration-delivery;startx,os,runner,apache,httpd
integration-delivery;startx,os,runner,apache,php,httpd
integration-delivery;startx,os,runner,bash
integration-delivery;startx,os,runner,nodejs
integration-delivery;startx,os,runner,openshift,kubernetes
integration-delivery;tekton,pipeline,build,push,deploy
integration-delivery;tekton,pipeline,image-build
integration-delivery;tekton,pipeline,nodejs,github
integration-delivery;tekton,task,ansible,ansible-builder,build-tool,automation
integration-delivery;tekton,task,build,ci
integration-delivery;tekton,task,cli
integration-delivery;tekton,task,deploy
integration-delivery;tekton,task,generic
integration-delivery;tekton,task,git
integration-delivery;tekton,task,gitea
integration-delivery;tekton,task,github
integration-delivery;tekton,task,gitlab,git
integration-delivery;tekton,task,golang,release-automation,package
integration-delivery;tekton,task,operator,tekton,deploy
integration-delivery;tekton,task,orka
integration-delivery;tekton,task,orka,macstadium,deploy,build
integration-delivery;tekton,task,orka,macstadium,init,setup
integration-delivery;tekton,task,orka,macstadium,teardown,cleanup
integration-delivery;tekton,task,security
integration-delivery;tekton,task,test
integration-delivery;tekton,task,yq
integration-delivery;tekton,tektoncd,build,pipeline,cicd,developer tools,integration & delivery
integration-delivery;testing,api,http,unit-testing,validation,integration-testing,swagger,test-runner,openapi,tests,test-framework,api-blueprint,cli-app,dredd,openapi-validation,testing-framework,openapi3,sjs-team,openapi2
integration-delivery;verification,amd64,ppc64le,s390x,automation,devops,tools,opensource,limited,icp
integration-delivery;weave,flux,cd,continuous delivery,terraform,gitops,integration & delivery
integration-delivery;webhooks,tunnel,cicd,github,jenkins
integration-delivery;wordpress,bitpoke,integration and delivery
integration-delivery;wordpress,veilis,integration and delivery
integration-delivery;workflow automation,workflow,ipaas,integration-framework,low-code-plattform,low-code
integration-delivery;workflow,ci
integration-delivery;yaks,testing,microservices,knative,kafka,serverless,camel,camel-k,integration & delivery
monitoring-logging;aerospike,prometheus,exporter
monitoring-logging;alerta,alertmanager,alerting
monitoring-logging;alerting,adapter,istio,metrics,monitoring,observability,wavefront
monitoring-logging;alerting,adapter,metrics,monitoring,observability,wavefront
monitoring-logging;alerting,event exporting,events,kubernetes events,monitoring,observability
monitoring-logging;alerting,metric,monitoring
monitoring-logging;alerting,nodejs
monitoring-logging;alertmanager,discord,alerting
monitoring-logging;alertmanager,monitoring-mixin,portefaix
monitoring-logging;alertmanager,telegram,bot,alerting
monitoring-logging;alerts,metrics,events,logs
monitoring-logging;analytics,monitoring,metrics,logs
monitoring-logging;analytics,monitoring,prometheus,thanos
monitoring-logging;api,http,triage,security,observability,logs,monitoring,troubleshooting,alerts
monitoring-logging;apm,apm-server,application,elastic,metrics,monitoring,observability,performance
monitoring-logging;appdynamics,cluster,kubernetes,openshift,monitoring,pod,deployment
monitoring-logging;appdynamics,monitoring,e2e visibility,aiops,monitoring
monitoring-logging;appdynamics,monitoring,infrastructure
monitoring-logging;appranix,container protection service,application resilience service,aps,monitoring
monitoring-logging;aspecto,opentelemetry,observability,traces,jaeger,otel,collector,sampling
monitoring-logging;aws,tracing,xray
monitoring-logging;azure-metrics-exporter
monitoring-logging;azure,prometheus
monitoring-logging;banzaicloud,logging-operator,monitoring
monitoring-logging;benchmark,performance
monitoring-logging;botkube,kubernetes,kubernetes-monitoring,kubernetes-controller,kubernetes-bot,chatops,bot,botops
monitoring-logging;cert-manager,tls,monitoring
monitoring-logging;changedetection.io,change-detection,website-monitoring,website-change-tracker
monitoring-logging;changedetection.io,urlmonitor,website-monitoring
monitoring-logging;check_mk,nagios,monitoring
monitoring-logging;chronograf,visualizaion,timeseries
monitoring-logging;chronograf,visualizaion,timeseries,influxdata,influxdb
monitoring-logging;cloudwatch,logging,fluentd
monitoring-logging;cmak,operator,kafka-manager,kafka,kubernetes,ui,monitoring,streaming
monitoring-logging;commonground,haven,nlx,component
monitoring-logging;conntrack,monitoring,prometheus
monitoring-logging;containers,dashboard,monitoring
monitoring-logging;coredns,prometheus,monitoring-mixin,portefaix
monitoring-logging;coredump,post-mortem,observability
monitoring-logging;couchdb-exporter
monitoring-logging;couchdb-exporter,prometheus
monitoring-logging;cron,monitoring,alert
monitoring-logging;crowdstrike,falcon,edr,kubernetes,security,monitoring,alerting
monitoring-logging;crowdstrike,falcon,edr,security,monitoring,alerting
monitoring-logging;dashboard,utility,monitoring,kubernetes
monitoring-logging;data,quality
monitoring-logging;datadog,monitoring
monitoring-logging;datadog,monitoring,logs,tracing,monitoring,logging & tracing
monitoring-logging;dataplatform,kafka,spark,solr,zookeeper,wavefront,observability,apache,tanzuobservability
monitoring-logging;deepflow
monitoring-logging;devops,it devops,devops,monitoring,status page,on-call,on-call management,incident management,performance monitoring,api test,website monitoring,website test,sre
monitoring-logging;devops,kubernetes,operator,elasticsearch,fluentd,kibana,opstree,logging,monitoring,cloud native,database,monitoring,big data
monitoring-logging;dnation,kubernetes,monitoring,logging
monitoring-logging;dnation,kubernetes,monitoring,logging,prometheus,grafana,loki,thanos
monitoring-logging;dvo,application runtime,monitoring,security
monitoring-logging;ebpf,network,monitoring
monitoring-logging;eginnovations,egagent,cluster,kubernetes,openshift,monitoring,pod,deployment,apm,k8s,ocp
monitoring-logging;eks,cloudwatch,cloudwatch-metrics,containerinsights
monitoring-logging;erlang,wombat,monitoring,metrics
monitoring-logging;events,logging,auditing
monitoring-logging;events,newrelic,monitoring
monitoring-logging;exporter
monitoring-logging;exporter_prometheus,sql_server
monitoring-logging;exporter,metrics,mongodb,aggregation,query,prometheus
monitoring-logging;exporter,metrics,mongodb,prometheus
monitoring-logging;fhir,metrics,telemetry,prometheus exporter
monitoring-logging;fim
monitoring-logging;flagger,grafana,canary,istio,appmesh
monitoring-logging;flightrecorder,java,jdk,jfr,jmc,missioncontrol,monitoring,profiling,diagnostic
monitoring-logging;flightrecorder,java,jdk,jfr,jmc,missioncontrol,monitoring,profiling,diagnostic,monitoring,developer tools
monitoring-logging;fluent,fluentd,logging
monitoring-logging;fluentd,cloudwatch,logging
monitoring-logging;fluentd,elasticsearch,multiline,detect-exceptions,logging
monitoring-logging;fluentd,logging,coralogix
monitoring-logging;fluentd,logging,logs,data,collector
monitoring-logging;fluxcd,monitoring-mixin,portefaix
monitoring-logging;fritzbox-exporter,fritzbox,prometheus,metrics
monitoring-logging;gatus,healthcheck,uptime,monitoring
monitoring-logging;github_exporter,config,exporter,github,prometheus
monitoring-logging;google,cloud,datarepo,broadinstitute
monitoring-logging;google,cloud,monitoring,stackdriver,prometheus
monitoring-logging;google,endpoints,nginx,gcloud,proxy,authentication,monitoring,api,swagger,open api
monitoring-logging;grafana,monitoring
monitoring-logging;grafana,monitoring-mixin,portefaix
monitoring-logging;grafana,monitoring,legend
monitoring-logging;grafana,monitoring,metrics
monitoring-logging;grafana,operator,monitoring
monitoring-logging;grafana,tracing,metrics,infrastructure
monitoring-logging;graphite,prometheus,monitoring
monitoring-logging;graylog,logging
monitoring-logging;haproxy-exporter,prometheus,haproxy
monitoring-logging;helm,prometheus-exporter
monitoring-logging;hetzner,hcloud,prometheus,monitoring,prices,expenses
monitoring-logging;hpa,metrics,prometheus,adapter
monitoring-logging;hpa,prometheus,adapter
monitoring-logging;hpe,storage,csi,prometheus
monitoring-logging;http,nginx,monitoring
monitoring-logging;icinga,icinga2,agent,monitoring
monitoring-logging;icinga,icinga2,master,web,monitoring
monitoring-logging;icinga2,monitoring
monitoring-logging;influxdb-exporter
monitoring-logging;influxdb,database,timeseries
monitoring-logging;influxdb,database,timeseries,influxdata
monitoring-logging;infrastructure,newrelic,monitoring
monitoring-logging;istio,ingress,ingressgateway
monitoring-logging;istio,kiali
monitoring-logging;istio,kiali,operator
monitoring-logging;istio,multi cluster,federation,service mesh,banzaicloud,open source,monitoring,logging & tracing,security
monitoring-logging;jaeger,jaeger-collector,tracing
monitoring-logging;jaeger,jaeger-query,tracing
monitoring-logging;jaeger,opentracing,tracing,instrumentation
monitoring-logging;jaeger,tracing,monitoring
monitoring-logging;jvm,monitoring
monitoring-logging;kafka,kafka-ui,kafka-connect,schema-registry,monitoring
monitoring-logging;keptn,dynatrace,contrib,observability,sli-provider
monitoring-logging;keptn,grafana,sandbox,dashboard,observability
monitoring-logging;keptn,jira,sandbox,observability
monitoring-logging;keptn,job executor service,prometheus,dynatrace,sli-provider
monitoring-logging;keptn,monitoring,monday.com
monitoring-logging;keptn,monitoring,zapier
monitoring-logging;keptn,monitoring,zendesk
monitoring-logging;keptn,prometheus,contrib,observability,sli-provider
monitoring-logging;keptn,sandbox,monitoring,observability
monitoring-logging;keptn,sandbox,observability,monitoring,sumologic,sumo,sli-provider
monitoring-logging;keptn,servicenow,contrib,observability
monitoring-logging;kibana,analytics,monitoring,metrics,logs
monitoring-logging;kibana,logging
monitoring-logging;kspan,tracing,observability,o11y
monitoring-logging;kube-state-metrics,kubernetes
monitoring-logging;kube-state-metrics,monitoring-mixin,portefaix
monitoring-logging;kube,monitoring
monitoring-logging;kuberhealthy,kubernetes,monitoring,synthetic,comcast,health,cluster,prometheus
monitoring-logging;kuberhealthy,kubernetes,operator,monitoring,synthetic,testing,comcast,health,prometheus
monitoring-logging;kubernetes,apache,druid,exporter,prometheus,grafana
monitoring-logging;kubernetes,cloudwatch,monitoring
monitoring-logging;kubernetes,cncf,networking,cni,security,open vswitch,ovs,antrea,observability,flow visibility
monitoring-logging;kubernetes,cncf,networking,cni,security,open vswitch,ovs,antrea,observability,flow visibility,flow aggregator
monitoring-logging;kubernetes,helm,startx,cluster-chart,cluster,infrastructure,logging,efk,elastic,fluend,kibana
monitoring-logging;kubernetes,metrics-server,metrics
monitoring-logging;kubernetes,monitoring-mixin,portefaix
monitoring-logging;kubernetes,monitoring,slack
monitoring-logging;kubernetes,thanos,prometheus,monitoring,alerting,metrics
monitoring-logging;kwatch,kubernetes,monitoring,crash-reporting,event-notifier
monitoring-logging;linkerd,linkerd-edge,monitoring-mixin,portefaix
monitoring-logging;linkerd,linkerd-stable,monitoring-mixin,portefaix
monitoring-logging;linux,audit,prometheus,odev2,processor
monitoring-logging;logging
monitoring-logging;logging,fluent-bit,fluentd
monitoring-logging;logging,fluent-bit,fluentd,hsdp
monitoring-logging;logging,fluent-bit,fluentd,operator
monitoring-logging;logging,loki,openshift optional,logging & tracing
monitoring-logging;logging,monitoring,fluent,fluentd
monitoring-logging;logging,monitoring,fluentd,fluenbit,operator
monitoring-logging;logging,newrelic
monitoring-logging;logs,logging,log-management,agent,alerts,metrics,events,daemonset,logger
monitoring-logging;logstash,logging
monitoring-logging;logstash,logging,elk
monitoring-logging;loki,monitoring-mixin,portefaix
monitoring-logging;longhorn,monitoring
monitoring-logging;metering metrics reporting prometheus chargeback,openshift optional,monitoring
monitoring-logging;metering,operator,monitoring,application runtime
monitoring-logging;metric,monitoring,observability,alerting
monitoring-logging;metric,monitoring,observability,alerting,adapter
monitoring-logging;metric,monitoring,observability,alerting,adapter,autoscaling
monitoring-logging;metric,monitoring,prometheus
monitoring-logging;metric,monitoring,prometheus,kubernetes
monitoring-logging;metric,monitoring,prometheus,kubernetes,openkruise,workload
monitoring-logging;metrics
monitoring-logging;metrics-server
monitoring-logging;metrics-server,cluster,metrics
monitoring-logging;metrics,cadvisor,monitoring
monitoring-logging;metrics,clickhouse,monitoring
monitoring-logging;metrics,consul,monitoring
monitoring-logging;metrics,elasticsearch,monitoring
monitoring-logging;metrics,fastly,monitoring
monitoring-logging;metrics,grafana
monitoring-logging;metrics,logs
monitoring-logging;metrics,stackdriver,monitoring
monitoring-logging;mktxp,mikrotik,routeros,prometheus,metrics
monitoring-logging;mlops,aiops,production,monitoring,ai,machine learning
monitoring-logging;monitoring
monitoring-logging;monitoring,alerting
monitoring-logging;monitoring,alerting,event,metric
monitoring-logging;monitoring,alerting,metric
monitoring-logging;monitoring,alerting,metric,event,anomaly detection
monitoring-logging;monitoring,alerting,metric,event,logging
monitoring-logging;monitoring,alerting,metrics,stats
monitoring-logging;monitoring,alerting,opsgenie,marid
monitoring-logging;monitoring,analytics,alerting,server
monitoring-logging;monitoring,apm,instana,monitoring,logging & tracing,openshift optional
monitoring-logging;monitoring,azuremonitor,azure,ama,containerinsights,metric,event,logs,containerhealth,kubernetesmonitoring,acs-engine,aks-engine,azurestack,openshift v4,azure redhat openshift v4,on-prem kubernetes monitoring,containerlogs,containerhealth,containermonitoring,hybrid kubernetes monitoring,kubernetes,kuberneteshealth
monitoring-logging;monitoring,azuremonitor,azure,oms,containerinsights,metric,event,logs,containerhealth,kubernetesmonitoring,acs-engine,aks-engine
monitoring-logging;monitoring,centreon,monitoring
monitoring-logging;monitoring,datadog,controller
monitoring-logging;monitoring,dynatrace,oneagent,activegate,observability,monitoring,logging & tracing
monitoring-logging;monitoring,dynatrace,oneagent,monitoring,logging & tracing,openshift optional
monitoring-logging;monitoring,kubernetes,deprecations,policies,opa
monitoring-logging;monitoring,labels,controller
monitoring-logging;monitoring,logging
monitoring-logging;monitoring,logging,data354,kubernetes,helm
monitoring-logging;monitoring,metrics,observability,prometheus,exporter,grafana,mysql,postgresql,memcached,redis,sphinx,elasticsearch,cloudwatch,monitoring
monitoring-logging;monitoring,metrics,prometheus,exporter,prometheus-exporter,opa,open-policy-agent,rego,observability
monitoring-logging;monitoring,metrics,prometheus,exporter,prometheus-exporter,opa,open-policy-agent,rego,observability,deprecations
monitoring-logging;monitoring,monitoring
monitoring-logging;monitoring,observability,prometheus,puppet,puppetdb,service discovery
monitoring-logging;monitoring,prometheus
monitoring-logging;monitoring,prometheus,alerting,jiralert
monitoring-logging;monitoring,prometheus,cortex
monitoring-logging;monitoring,prometheus,grafana,yotron
monitoring-logging;monitoring,prometheus,victoriametrics,monitoring
monitoring-logging;monitoring,security,alerting
monitoring-logging;monitoring,security,alerting,metric,troubleshooting,run-time
monitoring-logging;monitoring,security,alerting,metric,troubleshooting,run-time,security
monitoring-logging;monitoring,security,run-time,metric,troubleshooting
monitoring-logging;monitoring,synthetics
monitoring-logging;monitoring,tracing,monitoring
monitoring-logging;monitoring,wavefront,wavefront collector,wavefront proxy,monitoring
monitoring-logging;monitoring,wavefront,wavefront collector,wavefront proxy,monitoring,networking,security
monitoring-logging;network observability,ebpf,ipfix,flow tracing,flows,topology,network,observability,monitoring
monitoring-logging;newrelic,pixie,monitoring
monitoring-logging;node-exporter,prometheus,monitoring
monitoring-logging;node-exporter,prometheus,monitoring-mixin,portefaix
monitoring-logging;node,problem,detector,monitoring
monitoring-logging;nut,prometheus
monitoring-logging;nvidia,gpu,exporter,nvidia-smi,nvidia-gpu-exporter,prometheus
monitoring-logging;observability,logs,metrics,traces
monitoring-logging;observability,monitoring,analytics,ebpf
monitoring-logging;observability,security
monitoring-logging;observability,tracing
monitoring-logging;observability,tracing,logs,events
monitoring-logging;onf,voltha,tracing,opentracing
monitoring-logging;opensearch,dashboards,opensearch-dashboards,analytics,monitoring,metrics,logs
monitoring-logging;openservicemesh,service-mesh,monitoring-mixin,portefaix
monitoring-logging;openshift-kube-state-metrics,kubernetes
monitoring-logging;opentelemetry,tracing,logging,metrics,monitoring,troubleshooting,logging & tracing
monitoring-logging;openviz,appscode,bytebuilders
monitoring-logging;operator,prometheus
monitoring-logging;operator,prometheus,kube-prometheus
monitoring-logging;otel-collector, open telemetry, tracing
monitoring-logging;pipeline,controlplane,monitoring
monitoring-logging;pixie,monitoring,observability,open-source,monitoring
monitoring-logging;pmm,monitoring
monitoring-logging;promcord,discord,metrics
monitoring-logging;prometheus-operator,monitoring-mixin,portefaix
monitoring-logging;prometheus,alertmanager,operator,monitoring
monitoring-logging;prometheus,bbox,monitoring
monitoring-logging;prometheus,blackbox,monitoring
monitoring-logging;prometheus,cadvisor,monitoring
monitoring-logging;prometheus,cloudflare,monitoring
monitoring-logging;prometheus,container,resource
monitoring-logging;prometheus,ecr,aws,monitoring
monitoring-logging;prometheus,exporter,certificate,expiration
monitoring-logging;prometheus,huawei,fusionsolar
monitoring-logging;prometheus,inspector,aws,monitoring
monitoring-logging;prometheus,kafka
monitoring-logging;prometheus,kube-state-metrics,monitoring
monitoring-logging;prometheus,metrics
monitoring-logging;prometheus,monitoring
monitoring-logging;prometheus,monitoring-mixin,portefaix
monitoring-logging;prometheus,monitoring,nginx
monitoring-logging;prometheus,monitoring,tsdb,alerting,observability,monitoring
monitoring-logging;prometheus,newrelic,monitoring
monitoring-logging;prometheus,nginx,monitoring
monitoring-logging;prometheus,node-exporter,monitoring
monitoring-logging;prometheus,pimgmesh,monitoring
monitoring-logging;prometheus,prometheus-exporter,monitoring,metrics,aws,sqs
monitoring-logging;prometheus,redis
monitoring-logging;prometheus,snmp,monitoring
monitoring-logging;prometheus,stackdriver
monitoring-logging;promtail,monitoring-mixin,portefaix
monitoring-logging;prtg,monitoring,python
monitoring-logging;pve-exporter
monitoring-logging;python,kubernetes,monitoring,k8s,helm-chart
monitoring-logging;redis,monitoring
monitoring-logging;refinery,honeycomb,observability,sampling,tracing
monitoring-logging;riemann,metrics,monitoring
monitoring-logging;scalyr,logging,monitoring,metrics
monitoring-logging;security,infrastructure,monitoring
monitoring-logging;security,infrastructure,monitoring,policy agent,validating webhook,admissions controller
monitoring-logging;security,runtime-protection,security,monitoring
monitoring-logging;seldon-core,kubernetes,machine-learning,prometheus,grafana
monitoring-logging;sematext,observability,monitoring,logging,containers,ebpf
monitoring-logging;sematext,observability,monitoring,logging,containers,ebpf,monitoring,logging & tracing
monitoring-logging;sentry,crash-reporting,error-monitoring,hacktoberfest,python,devops,django,monitor monitoring,crash-reports,csp-report,apm,error-logging
monitoring-logging;seq,structured,logging
monitoring-logging;service-mesh
monitoring-logging;service-mesh,observability,monitoring,maistra,istio,monitoring,logging & tracing
monitoring-logging;servicemesh,meshsync,monitoring
monitoring-logging;skydive,logging & tracing,monitoring
monitoring-logging;sosivio,kubernetes,observanility,monitoring,root cause,monitoring,integration & delivery,logging & tracing,developer tools
monitoring-logging;splunk,enterprise,operator,monitoring,logs,tracing,big data,logging & tracing,monitoring,security,ai,machine learning
monitoring-logging;splunk,observability,logs,traces,metrics
monitoring-logging;splunk,opentelemetry,observability,logs,traces,metrics,apm
monitoring-logging;spot,ocean,metric,exporter
monitoring-logging;squash, metrics, influxdb, chronograf, s3
monitoring-logging;statping,monitoring
monitoring-logging;statping,status,status-page
monitoring-logging;statsd,newrelic,monitoring
monitoring-logging;synthetic,newrelic,monitoring
monitoring-logging;tautulli,plex
monitoring-logging;telegraf,collector,timeseries,influxdata
monitoring-logging;telegraf,collector,timeseries,influxdata,influxdb,agent
monitoring-logging;telegraf,monitoring,metrics,scraping,monitoring
monitoring-logging;tempo,monitoring-mixin,portefaix
monitoring-logging;thanos,monitoring-mixin,portefaix
monitoring-logging;thanos,prometheus,metrics
monitoring-logging;tibber,prometheus,grafana,monitoring
monitoring-logging;tracing,monitoring,troubleshooting,logging & tracing
monitoring-logging;tracing,observability,open-source,opentracing,zipkin
monitoring-logging;uptime-kuma,status,status-page,monitoring
monitoring-logging;uptime,monitoring
monitoring-logging;uptime,uptime-kuma,monitoring
monitoring-logging;vector,events,logs,metrics,observability,stream-processing
monitoring-logging;verik,monitoring,health check,services
monitoring-logging;volume,storage,csi,expansion,monitoring
monitoring-logging;zabbix,kubernetes,monitoring,kubernetes
monitoring-logging;zabbix,monitoring,metics
monitoring-logging;zabbix,monitoring,metrics
monitoring-logging;zabbix,monitoring,metrics,kubernetes,helm
monitoring-logging;zabbix,zabbix-agent,monitoring,application
monitoring-logging;zabbix,zabbix-server,zabbix-server-mysql,monitoring,application,php
monitoring-logging;zipkin,tracing
networking;3scale,api,api,apicast,apicast,gateway,api-gateway,openresty,integration & delivery
networking;abbot,arhat,aranya,network,userspaces,wireguard,cni,mesh
networking;adguard-home,adblock,dns
networking;amd64,devops,commercial,limited,iks,rhocp,other
networking;apache,http,https,www,web,reverse proxy
networking;api gateway,ambassador,datawire,envoy
networking;api gateway,ambassador,datawire,envoy,edge stack
networking;api gateway,ambassador,datawire,envoy,emissary,emissary ingress
networking;api gateway,reverse proxy,api management,ingress,ingress controller,open source gateway,edge gateway
networking;api-gateway
networking;api-gateway,envoy
networking;apigatewayv2,aws,amazon,ack,cloud provider
networking;aws,ingress
networking;barracuda,cloudgen,access,zero-trust
networking;benchmark,network,tools
networking;blockchain,ethereum,prometheus,proxy
networking;blocky,adblock,dns
networking;bpf,ebpf,kubernetes,networking,security,observability,troubleshooting
networking;choerodon,gateway
networking;cloudflare,operator,dns,dyndns
networking;cloudflared,dns-over-https,dns-proxy
networking;contour,operator,ingress,envoy
networking;coredns,dns,kubedns
networking;dask,gateway,crds
networking;database,dns
networking;databases,security,proxy,masking
networking;datapower,gateway,api,security,idg,amd64,limited,icp
networking;ddclient,dns
networking;digitalocean,dynamicdns
networking;dns
networking;dns,tls,external-dns,cert-manager,traefik,dnsendpoint
networking;dnscrypt-proxy
networking;dynamic dns,ddns,route53
networking;ebpf,network,monitoring
networking;ecr,aws,proxy,docker,container,image,elasticcontainerregistry
networking;eks,alb,load balancer,ingress,nlb
networking;eks,appmesh,ingress,gateway
networking;eks,aws,api gateway
networking;eks,cni,networking,vpc
networking;envoy,discovery,controlplane,proxy,sidecar,xds,network,gateway,networking
networking;envoy,proxy
networking;external-dns,network,dns
networking;external-ingress,kubernetes
networking;fiware,auth,ishare,envoy,openshift,openshift service mesh
networking;flaresolverr,jackett
networking;games,qumine,ingress-controller,minecraft,minecraft-server,ingress-controller
networking;golang,athens,gomod,go-proxy
networking;golang,package management
networking;golang,package management,goproxy
networking;golang,package management,goproxy,athens
networking;google,cloud,postgresql,mysql,sql,sqlproxy
networking;google,endpoints,nginx,gcloud,proxy,authentication,monitoring,api,swagger,open api
networking;graphql,gateway,graphql-gateway
networking;gslb,dns-lb,kuberneters-global-balancer,kubernetes-operator,balancer
networking;gslb,dns-lb,kuberneters-global-balancer,kubernetes-operator,balancer,networking
networking;haproxy,ingress
networking;haproxy,proxy
networking;haproxy,proxy,infrastructure
networking;haproxy,proxy,infrastructure,intel
networking;http,nginx,monitoring
networking;inadyn,dyndns,ddns,dns
networking;influxdb,ha,proxy
networking;ingress
networking;ingress,api,primitives
networking;ingress,apisix,nginx,crd
networking;ingress,envoy,contour
networking;ingress,gce
networking;ingress,haproxy
networking;ingress,kubernetes
networking;ingress,nginx
networking;ingress,nginx,http,web,www,reverse proxy
networking;ingress,nginx,jwt
networking;ingress,nginx,ldap,activedirectory,authentication,another-ldap-auth
networking;ingress,nginx,wallarm
networking;ingress,proxy,envoy
networking;ingressmonitorcontroller,ingressmonitorcontroller operator,kubernetes,ingress,route
networking;internal-ingress,kubernetes
networking;iot,telemetry,end-to-end,digital-twin,kafka
networking;ipfs,ipfs cluster,decentralized storage,peer-to-peer,distributed hash table,content-addressed,storage,networking,big data
networking;istio-cni,istio
networking;istio,egressgateway,gateways
networking;istio,gateways
networking;istio,ingress,ingressgateway
networking;istio,ingressgateway,gateways
networking;istio,kiali
networking;istio,kiali,operator
networking;istio,multi cluster,federation,service mesh,banzaicloud,open source,monitoring,logging & tracing,security
networking;istio,security,sidecarinjectorwebhook,mixer,pilot,gateway,galley,amd64,ppc64le,s390x,opensource,operations,icp,iks
networking;jenkins-x,exposecontroller,expose,ingress
networking;kong,ingress,openresty,controller,http,web,www,reverse proxy
networking;kong,ingress,proxy,microservices,networking
networking;kong,service mesh,control plane
networking;konvoy,kommander
networking;kube-lego,nginx-ingress-controller,nginx,letsencrypt
networking;kubernetes-controller,nginx-ingress
networking;kubernetes,bootstrapping,cni
networking;kubernetes,cncf,networking,cni,security,open vswitch,ovs
networking;kubernetes,cncf,networking,cni,security,open vswitch,ovs,antrea,observability,flow visibility
networking;kubernetes,cncf,networking,cni,security,open vswitch,ovs,antrea,observability,flow visibility,flow aggregator
networking;kubernetes,cni,calico,tigera,operator,network,policy,plugin
networking;kubernetes,external-dns,dns
networking;kubernetes,externaldns,external-dns,dns,service,ingress
networking;kubernetes,helm,service mesh,ingress,gateway api,olm,traffic management,pipy,sidecar,proxy
networking;kubernetes,helm,startx,cluster-chart,cluster,infrastructure,istio,kiali,jaeger,service mesh,openshift service mesh
networking;kubernetes,helm,startx,cluster-chart,cluster,infrastructure,openshift,router,haproxy
networking;kubernetes,ingress,nginx,controller
networking;kubernetes,istio,operator,service,mesh
networking;kubernetes,network,calico,calico-node,bgp,plugin,cni,node,felix
networking;kubernetes,operator,multi-tenancy,multi-tenant,multitenancy,multitenant,namespace,proxy
networking;kusk-gateway,kusk-gateway-api,api,openapi
networking;kusk-gateway,kusk-gateway-envoyfleet
networking;kusk-gateway,openapi
networking;lancache
networking;ldap,virtualdirectory,myvirtualdirectory,myvd,security
networking;linkerd,buoyant,service mesh
networking;load balancer,reverse proxy,traefik,traefikee,microservice,networking
networking;load-balance ,infrastructure,networking
networking;load-balancer,balancer,lb,bgp,arp,vrrp,vip
networking;loadbalancer
networking;lorawan,chirpstack
networking;mattermost,communication,notification,messaging,team colaboration
networking;meshery-broker,meshery-meshsync
networking;metallb-operator,networking
networking;metric,monitoring,prometheus
networking;microsoft azure,azure,apis,api monetization,api ecosystem,api gateway,api management,cloud,multi-cloud,hybrid,kubernetes,cloud-native
networking;minio,gateway,storage,object-storage,s3,cluster
networking;mitmproxy,network,proxy,tls,ssl,https
networking;mocking,mock-server,http-mock,http,test,test-server,proxy,http-proxy,socks-proxy,https-proxy
networking;monitoring,wavefront,wavefront collector,wavefront proxy,monitoring,networking,security
networking;mozilla,oidc
networking;multi-cluster,ipsec,tunnel,submariner-operator,networking
networking;multi-nic,cni,network,networking
networking;multus
networking;multus,networkplumbing
networking;nalkinscloud,nginx,proxy
networking;network,impairment,kubernetes,openshift,tc,trafficcontrol,networking,developer tools
networking;network,vlan,bgp,vxlan,cni,kubernetes
networking;networking,gateway,ingress,kong,kubernetes,go,networking,integration & delivery
networking;networking,loadbalancer,tunnels,inlets
networking;nginx,auth,oauth2,authentication,nginx-proxy,sso,sso-login
networking;nginx,http,php,web,www,sftp,reverse proxy
networking;nginx,http,web,www,reverse proxy
networking;nginx,http,web,www,sftp,reverse proxy
networking;nginx,ingress-controller,ingress,controller,kubernetes,openshift,monitoring,networking
networking;nginx,tengine,http,web,www,sftp,reverse proxy
networking;nmstate,networking,networkmanager,networking
networking;node,dns,cache,kubernetes
networking;openservicemesh,service-mesh,monitoring-mixin,portefaix
networking;pi,pihole,raspberrypi,dns,adblock
networking;pipeline,cluster,ingress
networking;pod-gateway
networking;pod-gateway-setter
networking;powerdns,dns,prometheus
networking;powerdns,powerdns-mysql,pdns,dns
networking;proxy,authentication,kubernetes
networking;proxy,clickhouse,chproxy,database,kubernetes
networking;proxy,forwardproxy,e2guardian,e2g
networking;proxy,game,server
networking;proxy,shortlink
networking;qingcloud,hostnic,cni
networking;redis,socat,proxy,tuneller,relay
networking;reverse-proxy,badge,sonarqube
networking;reverse-proxy,cloudflare,argo-tunnel,zero-trust-network-access,cloudflare-tunnel
networking;reverse-proxy,ingress
networking;router,home,firewall,raspberry,pi,rpi,networking
networking;routr,sip,voip,webrtc,ims,proxy,registrar,asterisk,kamailio,freepbx,yate,freeswitch,fusionpbx,server
networking;rspamd,alpine,proxy,controller,redis
networking;s3,reverse-proxy,s3-proxy,openid-connect,basic-authentication,s3-bucket,serve-static,opa
networking;serverless workflow,kogito,knative,dmn,bpmn,eventing,cloudevents,messaging,networking
networking;service mesh,control plane
networking;service mesh,network service mesh,vnf,virtual network function,nfv,network function virtualization,networking
networking;service-mesh
networking;service-mesh,confidential-computing
networking;service-mesh,observability,monitoring,maistra,istio,monitoring,logging & tracing
networking;service,external-service
networking;sfg,b2b,mft,sterling,commercial,amd64,automation,rhocp,other
networking;sfg,b2b,mft,sterling,commercial,amd64,ppc64le,s390x,automation,rhocp,other
networking;sidecar,nginx,firewall,wallarm
networking;snowflake,tor,tor-snowflake,snowflake-proxy
networking;squid,proxy
networking;ssh,scp,reverse proxy,sshpiper
networking;tf,tungsten,tungstenfabric,networking
networking;traefik-forward-auth,traefik,oauth
networking;traefik,ingress
networking;traefik,ingress,acme,letsencrypt
networking;traefik,ingress,networking
networking;traefik,mesh,smi
networking;traefik,networking,ingress,proxy,router,loadbalancer,http,websockets,tcp,udp,tls
networking;traefik,traefik-forward-auth,oauth,oauth2,oidc
networking;traefikee
networking;twilio,routr,sip,voip,webrtc,ims,proxy,registrar,asterisk,kamailio,freepbx,yate,freeswitch,fusionpbx,server
networking;unbound,dns-over-https,dns-proxy,recursive-dns
networking;unbound,dns,pi,pihole,raspberrypi
networking;varnish,cache,networking
networking;voice gateway,sms gateway,message queue,watson,limited,amd64,icp,rhocp
networking;vpn,tunnel
networking;waf,web application firewall,owasp,airlock,microgateway,security,filtering,devsecops,shift left,ingress,nginx
networking;wallarm
networking;wallarm,ingress,middleware,firewall,waf
networking;wopi,efss
networking;xteve,iptv,plex,emby
networking;zero-trust,beyond-corp,access-control,reverse-proxy,nginx,envoy,ambassador,auth-filter
networking;zwave,mqtt,home-assistant
security;abac,authorization,developer tools,policies,rbac,security
security;acme,authority,ca,certificate,certificates,certificate-authority,kubernetes,pki,security,security-tools,smallstep,ssh,step,step-ca,tls,x509
security;admission-controller,runtime-security,lacework
security;amd64,commercial,security,operators,middleware,icprhocp
security;analysis,anchore-policy-validator,image,security
security;analysis,docker,anchore,anchore-engine,image,inventory,security,scanner
security;analysis,docker,anchore,anchore-engine,image,security,vulnerability,scanner
security;analysis,docker,anchore,anchore-engine,image,security,vulnerability,scanner,security
security;api,http,triage,security,observability,logs,monitoring,troubleshooting,alerts
security;api,managedapi,apimanagement,cloud-native,security,ratelimiting,analytics,developer tools,integration & delivery,cloud provider
security;aqua-security,scanning,security,runtime-security,security
security;aqua-security,scanning,security,security
security;aquasecurity,starboard,trivy
security;aquasecurity,trivyoperator,trivy
security;authentication,authorization,edp,idp,keycloak,oauth,oidc,operator,saml,sso,security
security;authentication,authorization,keycloak,proxy
security;authentication,sso,reverseproxy
security;authority,ca,cert-manager,certificate,certificate-authority,certificates,kubernetes,pki,security,security-tools,smallstep,ssh,step,step-ca,step-issuer,tls,x509
security;aws,eks,aws-auth,iam,rbac,access,user,management,integration & delivery
security;aws,eks,aws-auth,iam,rbac,access,user,management,integration & delivery
security;aws,gcp,iam
security;aws,iam,crossplane,cncf,microservice,service account
security;aws,iam,eks,irsa,iam-roles-for-service-accounts,eks-pod-identity-webhook,aws-pod-identity-webhook
security;aws,iam,security
security;aws,kubernetes,iam
security;borgmatic,borg,backup
security;bpf,ebpf,kubernetes,networking,security,observability,troubleshooting
security;ca,tls,pki,x509,step,step-ca,step-certificates,smallstep,certificate,certificates,authority,security,security-tools,certificate-authority,kubernetes
security;cert-manager,letsencrypt,tls,civo
security;cert-manager,ovh,dns,lets-encrypt,let's encrypt,tls,certificate,ssl
security;cert-manager,tls,dns,hetzner,webhook,letsencrypt
security;choerodon,iam
security;cloudquery
security;confidential containers,ccruntime,kata,vm tee,security
security;coverage,security,code,quality
security;crowdstrike,falcon,edr,kubernetes,security,monitoring,alerting
security;crowdstrike,falcon,edr,security,monitoring,alerting
security;cve
security;databases,security,proxy,masking
security;datapower,gateway,api,security,idg,amd64,limited,icp
security;docker,analysis,container,carbonetes,vulnerability,images,security
security;docker,registry,vulnerability,scan
security;dvo,application runtime,monitoring,security
security;encryption,decryption,oci,image,container,security
security;falco,security,http server
security;falco,security,http server,proxy,load balancer
security;fim
security;gatekeeper,open-policy-agent,policies
security;gatekeeper,proxy
security;gitops,secrets
security;gitops,sops,kms,encryption
security;go,security,tls,certificate
security;godbox,isolate,sandboxing,isolation,security,api
security;gogatekeeper,gatekeeper,louketo,keycloak-gatekeeper,openid-connect,openid connect,oidc,proxy,access-proxy,reverse-proxy,authentication,authorization,sso
security;gravitee.io,gravitee,graviteeio,oauth2,oidc,authentication,api,security
security;helm,vault,hashicorp,security
security;hpa,autoscale,banzaicloud,open source,security
security;iam,authorization,auth
security;iam,aws,amazon,ack,cloud provider
security;iam,oauth,openid connect,ldap,sso,saml,scim
security;ibm,security,identity and access,security
security;identity and access,security,security
security;idp,iam,identity
security;integrity,security
security;iptables,ip6tables,firewall,container,security
security;isam,amd64,commercial,icp,iks,security,limited
security;istio,multi cluster,federation,service mesh,banzaicloud,open source,monitoring,logging & tracing,security
security;istio,remote,security,sidecarinjectorwebhook,amd64,ppc64le,s390x,opensource,operations,icp,iks
security;istio,security,sidecarinjectorwebhook,mixer,pilot,galley
security;istio,security,sidecarinjectorwebhook,mixer,pilot,gateway,galley,amd64,ppc64le,s390x,opensource,operations,icp,iks
security;istio,security,sidecarinjectorwebhook,pilot
security;k8s,credstash,secret,security
security;kafka,zookeeper,storm,hdfs,security,metron
security;keycloak,identity,access,security
security;kiam,aws,iam,security
security;kube2iam,aws,iam,security
security;kubernetes-controller,http-proxy,oauth2,oauth2-proxy
security;kubernetes-operator,operator,sbom,grype,vulnerability,security,supply-chain-security
security;kubernetes-operator,operator,sbom,syft,git,supply-chain-security
security;kubernetes,cncf,networking,cni,security,open vswitch,ovs
security;kubernetes,cncf,networking,cni,security,open vswitch,ovs,antrea,observability,flow visibility
security;kubernetes,cncf,networking,cni,security,open vswitch,ovs,antrea,observability,flow visibility,flow aggregator
security;kubernetes,helm,startx,cluster-chart,cluster,infrastructure,acs,advanced cluster security,stackrocks
security;kubernetes,helm,startx,cluster-chart,cluster,infrastructure,certmanager,ssl,tls,certificate,security
security;kubernetes,helm,startx,cluster-chart,cluster,infrastructure,security,automation,tower,ansible
security;kubernetes,helm,startx,cluster-chart,cluster,infrastructure,security,rbac,access
security;kubernetes,helm,startx,cluster-chart,cluster,infrastructure,security,registry,container registry,docker registry,quay
security;kubernetes,helm,startx,cluster-chart,cluster,infrastructure,security,single sign on,sso,keycloak
security;kubernetes,helm,startx,cluster-chart,cluster,infrastructure,security,vault,secret management
security;kubernetes,helm,startx,cluster-chart,cluster,infrastructure,security,vault,vault-config,secret management
security;kubernetes,kube-hunter,security
security;kubernetes,nirmata,kyverno,aws,adapter,policy
security;kubernetes,nirmata,policy agent,validating webhook,admissions controller
security;kubernetes,oauth,authentication,google,github
security;kubernetes,oauth,oauth2,authentication,google,github
security;kubernetes,oauth,oauth2,authentication,google,github,redis
security;kubernetes,policy agent,validating webhook,admissions controller
security;kubernetes,security
security;kubernetes,security,k8s,scanning,container registry,image scanning,source code scanning
security;letsencrypt,certificat,ssl,tls,acme,security
security;monitoring,security,alerting
security;monitoring,security,alerting,metric,troubleshooting,run-time
security;monitoring,security,alerting,metric,troubleshooting,run-time,security
security;monitoring,security,run-time,metric,troubleshooting
security;monitoring,wavefront,wavefront collector,wavefront proxy,monitoring,networking,security
security;oauth2,openid-connect,openid,oidc,op,api-security,security
security;observability,security
security;oidc,openid-connect,oauth,identityserver,admin-ui,iam,sso
security;opa,admission control,policy,kubernetes,security
security;opa,conftest,docker
security;opa,conftest,nodejs
security;opa,conftest,terraform
security;open source,containers,security,security
security;openvpn,vpn,tunnel,network,service,connectivity,encryption
security;opsmx,oes,autopilot
security;owasp,javascript,vulnerable,hacking,application-security,owasp-top-10,owasp-top-ten,pentesting,vulnapp,appsec,ctf
security;palo,palo alto,palo alto networks,paloalto,twistlock,compute,prisma,prisma cloud,prisma cloud compute,security,image,images,container,containers,docker,podman,vulnerability,vulnerabilities,compliance,runtime,scan,scanning,monitor,monitoring,alert,alerting,security
security;policy-as-code,security
security;proxy,access-proxy,reverse-proxy,sso,openid connect,oauth2,authorization,authentication,google,okta,azure
security;proxy,access-proxy,reverse-proxy,sso,openid connect,oauth2,authorization,authentication,google,okta,azure,auth0
security;proxy,oauth,authentication,saml,sso,identity,single-sign-on,ldap,idp,sp
security;psp,apparmor
security;psp,container,capability,capabilities
security;psp,container,network
security;psp,container,privilege escalation
security;psp,container,runtime
security;psp,container,runtime,flex volume,flex
security;psp,container,runtime,selinux
security;psp,container,user,group
security;psp,hostpaths,pod
security;psp,seccomp
security;psp,sysctl,pod
security;psp,volumes,pod
security;rbac,hrbac,acl,iam,api-security,security
security;resilient,cases,data explorer,threat intelligence insights,unified data service,car,analytics toolkit,risk manager,threat investigator,amd64,commercial,security,icprhocp
security;s3,aws,gcp,azure,ipfs,envelope encryption,content addressable,distributed file storage
security;scanner,harbor,vulnerability
security;scanner,trivy,vulnerability
security;scapy,kubernetes,packet-sniffer,packet-capture,network-security,network-discovery,security-audit
security;secrets,secrets-manager,vault,aws,azure,google,ibm,akeyless,yandex,gitlab,oracle,security
security;security
security;security,acstis,scanner,securecodebox
security;security,amass,subdomain,scanner,securecodebox
security;security,analysis,docker,image,container,carbonetes,analyzer,vulnerabilities
security;security,ci
security;security,cmseek,joomla,scanner,securecodebox
security;security,dependency,dependency-track,owasp,supply chain component analysis
security;security,doggo,scanner,securecodebox
security;security,gitleaks,scanner,securecodebox
security;security,infrastructure,monitoring
security;security,infrastructure,monitoring,policy agent,validating webhook,admissions controller
security;security,juice-shop,owasp,capture-the-flag,ctf-platform,hacking,kubernetes
security;security,kube-hunter,scanner,securecodebox
security;security,kubeaudit,scanner,securecodebox
security;security,mitigation
security;security,ncrack,scanner,securecodebox
security;security,nikto,scanner,securecodebox
security;security,nmap,scanner,securecodebox
security;security,nuclei,scanner,securecodebox
security;security,pki
security;security,prober
security;security,runtime-protection,security,monitoring
security;security,scanner,securecodebox,integrationtest,test
security;security,screenshot,webpages,scanner,securecodebox
security;security,secrets management
security;security,securecodebox,auto-discovery
security;security,securecodebox,hook
security;security,securecodebox,hook,azure,sentinel
security;security,securecodebox,hook,defectdojo,owasp
security;security,securecodebox,hook,elasticsearch
security;security,securecodebox,hook,teams
security;security,securecodebox,operator
security;security,security
security;security,selinux,seccomp,apparmor,ebpf,security
security;security,semgrep,sast,staticanalysis,securecodebox
security;security,ssh,scanner,securecodebox
security;security,ssl,scanner,securecodebox
security;security,timestamp
security;security,transparency logs
security;security,trillian,updatetree
security;security,trivy,image-scanning,scanner,securecodebox
security;security,typo3scan,typo3,scanner,securecodebox
security;security,vulnerability,audit
security;security,whatweb,scanner,securecodebox
security;security,wpscan,wordpress,scanner,securecodebox
security;security,zap,owasp,scanner,securecodebox
security;service-mesh
security;sfg,b2b,mft,sterling,commercial,amd64,automation,rhocp,other
security;sfg,b2b,mft,sterling,commercial,amd64,ppc64le,s390x,automation,rhocp,other
security;sftp,openssh,files,storage,ftp
security;snyk,controller,monitor,operator,security,cluster,container,image,security,vulnerabilities,advisories,audit,scan,scanning,developer tools,security
security;sonarqube,sast,analysis,security,code,coverage,quality
security;sops,kms,encryption
security;splunk,enterprise,operator,monitoring,logs,tracing,big data,logging & tracing,monitoring,security,ai,machine learning
security;starboard,scanning,security,runtime-security,aquasec
security;tekton,task,aws,ecr
security;tekton,task,cli,grype
security;tekton,task,kubernetes,misconfiguration
security;tekton,task,security
security;tekton,task,security,secrets
security;tekton,task,security,vulnerability,cve
security;tls,secrets,security,certificates,security
security;trivy,admission controller,operator,image secutity
security;trivy,security,security
security;vault,secrets,security,banzaicloud,open source,security
security;vault,security,encryption,secrets,management,automation,infrastructure
security;vpn,privacy,security,wireguard
security;vpn,security,network,zerotrust,overlay,automation,infrastructure
security;waf,web application firewall,owasp,airlock,microgateway,security,filtering,devsecops,shift left,ingress,nginx
security;xray,jfrog
security;xray,jfrog,security,scan,devops
security;zero-trust,beyond-corp,access-control,reverse-proxy,nginx,envoy,ambassador,auth-filter
storage;amd64,ppc64le,s390x,opensource,icp,storage,icpclusterresource
storage;aws-fsx-csi-driver,aws,fsx,network file system
storage;aws,ebs,csi
storage;aws,efs,csi
storage;aws,kubernetes,eks,local disk provisioner,local persistent volume,sig-storage-local-static-provisioner
storage;aws,kubernetes,s3
storage;awss3provisioner,aws,s3,provisioner,buckets,storage
storage;backup,csi,data,disaster recovery,replication,storage
storage;backup,restore,application,consistent,storage
storage;beta,storage,tech,amd64,opensource,icp,storage
storage;blockchain,ethereum,storage,swarm,web3
storage;ceph,cephfs,ceph-csi
storage;ceph,rbd,ceph-csi
storage;ceph,rbd,storage
storage;chartmuseum,helm,charts repo
storage;chartmuseum,pvc,pv,kubernetes
storage;chubaofs,chubaofs-helm,chubaofs-csi
storage;cloud-native-storage,block-storage,iscsi,storage
storage;cloud-native-storage,block-storage,local-storage,iscsi,nvme,storage,kubernetes
storage;commercial,storage,operations,amd64,rhocp,other
storage;csi,beegfs,netapp,storage
storage;csi,scheduler,snapshot,storage
storage;csi,snapshot,storage,scheduler,storage
storage;curvefs,csi
storage;dell container storage modules,dell csi driver,dell csm modules,powerscale,authorization,replication,storage
storage;dell csi operator,dell csi driver,unity xt,powermax,isilon,vxflexos,powerstore,storage
storage;duplicati
storage;edp,nexus,operator,artifact,storage
storage;eks,secrets-store-csi-driver,csi
storage;ember-csi,csi,storage
storage;file sharing,cloud storage
storage;glusterfs,storage,persistent,volume,persistentvolume,provisioner
storage;grafana-storage,kubernetes
storage;hetzner,hcloud,hcloud-csi-driver,csi-driver
storage;hetzner,hetzner-cloud,hcloud,hcloud-container-storage-interface,container-storage-interface
storage;hostpath,storage
storage;hpe,hpe csi,hpe storage,csi,storage
storage;hpe,hpe ezmeral,hpe ezmeral data fabric,storage,filesystem,blockvolume,storage
storage;hpe,storage,csi
storage;hpe,storage,csi,prometheus
storage;hpe,storage,prometheus
storage;hpe,storage,storageclass,centos,ubuntu,cloudvolumes
storage;ibm,blockstorage,csi,storage,cloud provider
storage;ibm,gpfs,spectrum scale,csi driver,storage
storage;icp,amd64,ppc64le,s390x,storage,opensource
storage;iks,amd64,storage,commercial,limited,other,roks
storage;iks,icp,amd64,storage,commercial,limited
storage;iop,cs3apis,cloud-storage,sync-and-share
storage;ipfs,ipfs cluster,decentralized storage,peer-to-peer,distributed hash table,content-addressed,storage,networking,big data
storage;irods,cyverse,csi
storage;kubernetes,helm,startx,cluster-chart,cluster,infrastructure,nexus,repository,artifact storage
storage;kubernetes,helm,startx,cluster-chart,cluster,infrastructure,storage,aws ebs
storage;kubernetes,helm,startx,cluster-chart,cluster,infrastructure,storage,ceph,noobaa,openshift container storage,ocs,object storage,file storage,block storage
storage;kubernetes,helm,startx,cluster-chart,cluster,infrastructure,storage,local-storage,file storage,block storage
storage;kubernetes,openshift,object,bucket,storage,cloud,s3,storage,big data
storage;linstor,drbd,storage,csi
storage;localstorage,kubernetes,topolvm,storage,storage
storage;longhorn,monitoring
storage;longhorn,storage,distributed,block,device,iscsi,nfs
storage;mayastor,openebs
storage;metric,monitoring,observability,alerting,adapter
storage;minio,gateway,storage,object-storage,s3,cluster
storage;minio,storage,object-storage,s3,cluster
storage;neonsan,csi
storage;netapp,ontap,trident,storage,performance,open source,astra,cloud native,aws,azure,gcp,cloud volumes,storage
storage;netapp,trident,operator,csi
storage;nextcloud,storage,http,web,php
storage;nfs,nfs-server,file-sharing,file-server,file-storage,sharing
storage;nfs,storage
storage;nfs,storage,deepops
storage;nfs,storage,nfs-client
storage;nfs,storage,provisioner
storage;nfs,storage,storage
storage;noobaa,kubernetes,openshift,cloud,hybrid,multi,data,storage,s3,tiering,mirroring,storage,big data
storage;nutanix,storage,snapshot,snapshotclass,csi
storage;nutanix,storage,volumes,files,storageclass,redhat,centos,ubuntu,csi
storage;openebs,containerattachedstorage,storage
storage;operator,rook,ceph
storage;osc,bsu,csi
storage;owncloud,storage,http,web,php
storage;owncloud,storage,http,web,php,dav
storage;pmem-csi,pmem-csi operator,persistent memory,pmem,intel,storage
storage;portworx,persistent storage,storage,cloud native,open source,storage
storage;powervc,openstack,icp,limited,storage,ppc64le
storage;pulsar,bookkeeper,streamnative,storage
storage;purestorage
storage;pv,pvc,kubernetes
storage;qingcloud,csi
storage;rook,ceph,storage,object storage,open source,block storage,shared filesystem,storage
storage;rook,edgefs,storage,object storage,open source,block storage,shared filesystem,scale out,nfs,s3,iscsi,multi cloud,storage
storage;s3
storage;s3,aws,gcp,azure,ipfs,envelope encryption,content addressable,distributed file storage
storage;s3,csi
storage;s3,minio,object storage,ai,machine learning,big data,cloud provider,storage
storage;s3,minio,object storage,ai,machine learning,big data,cloud provider,storage
storage;secrets-store-csi-driver-provider-aws,secrets-store-csi-driver,portefaix
storage;secrets-store-csi-driver-provider-gcp,secrets-store-csi-driver,portefaix
storage;snapshot,controller,csi
storage;storage
storage;storage,big data,csi,databases,postgresql,cloudera,database,big data,storage
storage;storage,block-storage,volume
storage;storage,block-storage,volume,operator
storage;storage,csi,hedvig,cloud,block,nfs,iscsi,snapshot,volume,storage
storage;storage,hostpath
storage;storage,iscsi,plugin,csi
storage;storage,local
storage;storage,object-storage,s3
storage;storage,object-storage,s3
storage;storage,object-storage,s3,amd64,ppc64le,s390x,opensource,icp,storage,commercial,limited
storage;storage,provisioner,nfs,readwritemany
storage;storage,s3
storage;storage,s3
storage;storage,scheduler
storage;storage,snapshot
storage;storage,snapshot,validation
storage;storage,truenas
storage;storageclass,storage,class,api,primitives
storage;storageos,storage,persistent storage,open source,storage
storage;vineyard,distributed-systems,distributed,shared-memory,graph-analytics,in-memory-storage,big-data-analytics,distributed-computation
storage;volume,storage,csi,expansion,monitoring
storage;vsphere,vmware,csi
storage;yadms,documents,scanner
storage;zadara,storage,volumes,csi,nas,block,persistent volume,cloud storage,staas,pvc,data protection,data management,storage
streaming-messaging;addressing,discovery,messaging,nats,operator,pubsub
streaming-messaging;amcrest2mqtt
streaming-messaging;apache-musicindex,streaming,m3u,playlist
streaming-messaging;apache,spark
streaming-messaging;apache,streaming,analytics,heron,heronpy,apache-heron,heron-helm
streaming-messaging;apicurio,schema-registry,kafka,kubernetes,ui,streaming,openapi,asyncapi,swagger
streaming-messaging;centrifugo,websocket,golang
streaming-messaging;cmak,operator,kafka-manager,kafka,kubernetes,ui,monitoring,streaming
streaming-messaging;confluent,kafka-topics-ui,kafka
streaming-messaging;dizquetv,dizquetv
streaming-messaging;fiware,orion-ld
streaming-messaging;fiware,orion-ld,orion
streaming-messaging;flink
streaming-messaging;flink,streaming,big data,streaming & messaging
streaming-messaging;hazelcast,jet,streaming
streaming-messaging;hazelcast,keyvalue,in-memory,database,caching
streaming-messaging;integration,streaming,messaging,api,schemas,registry,apicurio,apicurio-registry,streaming & messaging
streaming-messaging;iot-chart,iot,connectivity,messaging,kafka
streaming-messaging;iot-package,iot,messaging,digital twin
streaming-messaging;iot,digital twin,streaming & messaging
streaming-messaging;iot,messaging,amqp,mqtt,http,streaming & messaging
streaming-messaging;jellyfin,media-server,streaming,tv,video,kodi
streaming-messaging;kafka-proxy
streaming-messaging;kafka,amd64,s390x,ppc64le,commercial,integration
streaming-messaging;kafka,confluent,connect,kafka connect,kafka connect sink,kafka connect source,kafka connect plugin,kafka connect connector,kafka connect transformer,kafka connect transform,stream,streaming,streaming platform
streaming-messaging;kafka,cruise control,messaging,streaming,banzaicloud,open source,streaming & messaging,big data
streaming-messaging;kafka,hermes,allegro
streaming-messaging;kafka,messaging,kafka-connect,kafka-streams,data-streaming,data-streams,streaming,streams,streaming & messaging
streaming-messaging;kafka,queue,stream,event,messaging,datastore,topic
streaming-messaging;kafka,zookeeper,streaming,producer,consumer
streaming-messaging;ksqldb,confluent,ksql,kafka,streaming
streaming-messaging;logitech-media-server,squeezebox,audio,streaming
streaming-messaging;mattermost,collaboration,chat,developer tools
streaming-messaging;mattermost,communication,messaging,team colaboration
streaming-messaging;mattermost,communication,notification,messaging,team colaboration
streaming-messaging;mercure,hub,push,streaming-api,async-api
streaming-messaging;message
streaming-messaging;message queue,mqtt,mosquitto,eclipse-iot
streaming-messaging;messaging,amqp,iot,mqtt,streaming & messaging
streaming-messaging;messaging,queue,broker,pubsub,rpc,streaming & messaging
streaming-messaging;mongooseim,xmpp,messaging,chat,erlang
streaming-messaging;mongoosepush,messaging,push notifications,elixir
streaming-messaging;mosquitto,mqtt
streaming-messaging;mosquitto,mqtt,eclipse-iot
streaming-messaging;mqtt,iot,java,distributed,messaging
streaming-messaging;mqtt,mosquitto
streaming-messaging;mqtt,volantmq,mqtt-broker
streaming-messaging;nats,messaging,addressing,discovery
streaming-messaging;nats,messaging,cncf
streaming-messaging;nats,messaging,cncf,jwt,auth
streaming-messaging;nats,messaging,publish,subscribe,streaming,cluster,persistence
streaming-messaging;nats,streaming,stan,delivery,ratelimit,replay,statefulset,cncf
streaming-messaging;navidrome,music,streaming
streaming-messaging;nsq,nsqd,nsqlookupd,nsqadmin
streaming-messaging;owncast,stream,open source,chat
streaming-messaging;plex,media-server,plex-media-server,streaming,tv
streaming-messaging;pulsar,function-mesh,serverless,pulsar-functions,pulsar-io-connectors,streamnative,streaming & messaging
streaming-messaging;pulsar,streamnative,streaming & messaging
streaming-messaging;pulsar,zookeeper,streamnative,storage
streaming-messaging;rabbitmq,message queue,amqp
streaming-messaging;rabbitmq,message queue,amqp,amqps,mqtt,stomp
streaming-messaging;rabbitmq,message queue,amqp,operator
streaming-messaging;rabbitmq,message queue,amqp,stomp
streaming-messaging;rabbitmq,operator,infrastructure,message queue,amqp
streaming-messaging;rhocp,roks,amd64,limited,message queue,integration
streaming-messaging;rsocket,broker,reactive
streaming-messaging;rtsp-to-web
streaming-messaging;schema-registry,confluent,kafka,zookeeper,streaming
streaming-messaging;serverless workflow,kogito,knative,dmn,bpmn,eventing,cloudevents,messaging,networking
streaming-messaging;service catalog,service broker,appscode
streaming-messaging;siddhi,streaming,streamprocessing,streaming & messaging
streaming-messaging;smart-home,mqtt,mosquitto
streaming-messaging;solace,pubsubplus,pubsub+,pubsub,messaging,advanced event broker,event broker,event mesh,event streaming,data streaming,event integration,middleware
streaming-messaging;spring-cloud,dataflow,skipper,spring
streaming-messaging;streaming & messaging
streaming-messaging;streaming,messaging,streams,rocketmq,midware,distributed system,streaming & messaging
streaming-messaging;streaming,video
streaming-messaging;tekton,task,messaging
streaming-messaging;tv,streaming,dvb
streaming-messaging;voice gateway,sms gateway,message queue,watson,limited,amd64,icp,rhocp
streaming-messaging;webhook,broker,message passing,service bus
